Bajaj_CustomerID,Name,Email,Mobile,PAN_Num,Addr,DOB,DateJoined
1,Lekha O Baria,chokshirehaan@example.org,7570882401,WL487647N,"01/60, Tak, Latur 139332",1998-07-19,2020-06-23
2,Sara G Buch,fsandhu@example.org,8158592221,ST587148H,"H.No. 868, Vig Road, Thrissur-947751",1965-12-17,2015-12-30
3,Vidhi G Gupta,buchkeya@example.com,5444959448,YK304135V,"69/14, Kant Zila, Barasat 620870",1984-06-24,2024-01-24
4,Mahika R Lad,ekta05@example.org,9055836282,YR579230K,"59/924, Sachdeva Marg, Mumbai 523376",1992-03-24,2021-12-23
5,Idika I Dubey,manbir69@example.org,+911753134043,JU400034X,"82, Contractor Road, Mathura 428146",2000-09-30,2021-09-03
6,Triveni K Tiwari,brindadewan@example.com,4500544021,RY688091Z,"H.No. 223, Natt Road, Vadodara-627912",1999-01-11,2024-01-31
7,Nisha B Shukla,barmaneiravati@example.org,+917575035440,BC670172M,"751, Baral Nagar, Rohtak-899331",1996-09-20,2021-01-26
8,Chaaya U Chand,noahnanda@example.org,0825027072,SJ214189Y,"71/738, Mammen Marg, Jamshedpur-004689",1992-03-15,2023-01-05
9,Sai H Krishnan,jeremiah33@example.org,+919510753582,EY543910Q,"97, Mistry Street, Bhalswa Jahangir Pur 377857",1988-04-05,2018-01-08
10,Sachi C Dhar,panchalkai@example.org,1522315522,EZ709305A,"52/32, Palla Chowk, Purnia-633739",1992-03-16,2017-11-01
11,Lipika B Kaur,aishani45@example.com,04980861309,NT125023N,"H.No. 639, Kant Marg, Nellore 919155",1980-05-10,2019-02-26
12,Indira E Saran,ranveermemon@example.org,3969796145,TS184983X,"84/331, Mohanty Circle, Muzaffarpur 749220",1981-07-12,2024-10-14
13,Falak J Bakshi,karabha@example.net,03513465954,IW262281N,"14/296, Nadig Ganj, Yamunanagar-305357",1989-05-17,2024-05-27
14,Yamini L Saran,jhautkarsh@example.org,03421469345,QI444064H,"H.No. 26, Sem Zila, Hospet-327166",1962-05-22,2017-10-13
15,Rajeshri I Narang,amol51@example.net,+913832333478,MW140704Z,"H.No. 05, Dass Marg, Vellore-926480",1954-12-23,2016-07-16
16,Krish V Batra,bdalal@example.com,+913586763029,ZL808625F,"52/780, Butala Circle, Delhi-169597",1966-09-28,2019-07-03
17,Jyoti Z Sur,yasti25@example.org,1818636396,KB328818P,"78/67, Golla Road, Panvel 249271",1948-07-20,2015-05-08
18,Maya N Chanda,cnagarajan@example.org,7461207562,XZ473142G,"51/14, Sami, Arrah-234375",1963-02-21,2017-10-11
19,Kai J Rattan,yohannananjali@example.org,+913453835591,BR587355W,"H.No. 80, Sodhi Zila, Singrauli-609061",1961-10-26,2015-09-22
20,Arya T Raja,chandran99@example.com,04120166324,FC685394J,"88/058, Atwal Circle, Shimla 452519",1982-01-30,2017-07-23
21,Baghyawati A Raval,sharafunni@example.net,+912238598037,MP670285J,"688, Chauhan Chowk, Chandigarh-103674",1971-12-16,2019-02-27
22,Chavvi M Madan,rvyas@example.net,+913982901987,LB312623W,"31/574, Yohannan Path, Bellary-861261",1984-01-15,2023-11-23
23,Gavin R Chaudhry,merchantrohan@example.com,+917429752379,HO829389N,"41/917, Chakrabarti Path, Bhavnagar-307428",2001-05-13,2016-12-12
24,Aarini K Gaba,anvisibal@example.net,5635409312,PO319827P,"04, Kala Ganj, Guntakal 383750",1995-12-18,2019-04-04
25,Osha Z Dayal,bishakha01@example.org,03090754623,GC598634P,"74, Raval Circle, Narasaraopet 420354",1992-02-07,2017-07-31
26,Azaan R Mukherjee,jdhaliwal@example.net,07380827798,PH593562P,"H.No. 81, Nazareth Circle, Asansol-155733",1969-05-16,2021-11-29
27,Triya A Garg,jatin79@example.com,6842050132,VU760101N,"H.No. 16, Kunda Ganj, Berhampur 988526",1987-06-06,2022-06-04
28,Priya A Sood,sunderjhalak@example.org,06293032323,CT503946G,"92, Barad Path, Bahraich 413536",1945-07-11,2017-01-23
29,Bachittar C Dugal,dalbir73@example.org,2640835645,BV927192J,"H.No. 658, Ramanathan Path, New Delhi 296545",1978-04-13,2017-08-20
30,Ansh A Agarwal,trout@example.net,0788852005,FV243221E,"53/606, Madan Circle, Firozabad 415604",1959-04-27,2022-06-14
31,Zehaan K Viswanathan,bishakha90@example.net,9564125337,LE127399A,"690, Talwar Ganj, Katni-266734",1948-03-10,2024-05-01
32,Qushi E Kanda,siya22@example.net,9717030013,UC129727S,"H.No. 980, Shukla Street, Phusro-145275",1946-10-19,2016-05-20
33,Harshil H Choudhary,loza@example.org,06457411829,QW449520E,"25, Tank Ganj, Jalandhar-521524",1968-02-18,2019-04-21
34,Isaiah K Nagy,zarnasom@example.net,+912467243061,OL545034K,"46/287, Nazareth Road, Sambhal 221385",1989-11-15,2018-12-21
35,Gautam G Varty,mannudarsh@example.net,+918810029580,LF647025O,"81/47, Choudhary Street, Sirsa 659535",1977-07-13,2016-02-07
36,Zinal A Subramaniam,hemanginibatra@example.net,8963875891,WH201802D,"H.No. 47, Viswanathan Path, Pallavaram-484785",1971-03-15,2021-12-31
37,Tamanna I Deep,ogola@example.org,+914358174740,ZC454927A,"30/654, Krishnan Path, Kadapa-476370",1979-05-24,2015-07-11
38,Onveer L Bal,vasaishani@example.org,04321001945,MP568385R,"636, Dave Marg, Mirzapur 983386",1976-12-23,2015-01-21
39,Farhan I Dua,viraj52@example.org,05786970308,NO240512H,"15/435, Khosla Ganj, Maheshtala 184256",1945-09-19,2016-10-29
40,Meera V Manne,duberayaan@example.org,09759821138,KD169480Z,"H.No. 817, Tak Circle, Thanjavur 306485",1958-11-05,2021-11-20
41,Yoshita A Sethi,aahanabassi@example.org,+911920395878,TB719451V,"H.No. 09, Menon, Mau-267454",1986-05-27,2021-08-20
42,Anusha V Raman,darsh88@example.org,06500446244,KK001295B,"H.No. 635, Krishnan, Rajpur Sonarpur 928159",1983-07-18,2016-12-12
43,Gopal N Parmar,buchyadavi@example.com,5504223406,AX474726G,"10/64, Iyengar, Delhi-697796",1971-05-02,2023-05-28
44,Veda E Karnik,kkapoor@example.org,6660266447,XI166194W,"691, Johal Marg, Mysore 243236",1973-07-04,2015-12-18
45,Charita S Narula,jagrati25@example.com,00279934213,YV086164C,"H.No. 887, Kari Zila, Singrauli-133126",2003-04-03,2016-04-26
46,Osha A Handa,jasonnaik@example.org,+911381262676,VK808627Z,"H.No. 443, Kibe Zila, Deoghar 536734",1979-06-19,2017-11-03
47,Manya D Soni,nitesh64@example.net,05224843233,QA712184Y,"47/31, Din Road, Shahjahanpur-007448",1945-04-10,2015-04-11
48,Unnati O Barad,ganeshdakshesh@example.net,01174563725,UB208651R,"07, Krishna Path, Malegaon-822634",1985-01-27,2021-10-15
49,Sachi D Gulati,labantandon@example.com,09939184798,IJ803786I,"34, Tella Marg, Buxar 153066",1962-11-03,2021-06-23
50,Bhavika F Goel,turviandra@example.net,09246661022,ER089878L,"333, Badami Circle, Sultan Pur Majra-521090",2004-12-07,2018-11-09
51,Vedant N Lalla,lakshmorar@example.com,3098898815,FX074182U,"068, Magar Nagar, Noida-000351",1986-10-14,2019-11-15
