SBI_ClientID,FullName,ClientEmail,ContactNumber,PAN_Number,Address,DateOfBirth,RegistrationDate
1,Vidhi Gautami Gupta,georgebadal@example.net,3292810413,YK304135V,"69/14, Kant Zila, Barasat 620870",1984-06-24,2017-07-03
2,Mahika Ryan Lad,vpandya@example.com,+913647391983,YR579230K,"59/924, Sachdeva Marg, Mumbai 523376",1992-03-24,2024-10-30
3,Idika Ishwar Dubey,ronith82@example.org,0200128642,JU400034X,"82, Contractor Road, Mathura 428146",2000-09-30,2022-02-04
4,Chandani Oeshi Chopra,eperi@example.com,6483275529,HE187755H,"H.No. 34, Ganesan, Nellore-110873",1951-12-25,2023-12-25
5,Mitali Aahana Johal,balakrishnanjagvi@example.org,+913521009321,DY039213X,"47/11, Baral Circle, Kamarhati-040752",1998-05-17,2024-07-02
6,Nisha Balendra Shukla,cghose@example.net,01098560494,BC670172M,"751, Baral Nagar, Rohtak-899331",1996-09-20,2024-06-07
7,Chaaya Urishilla Chand,drao@example.org,2772587608,SJ214189Y,"71/738, Mammen Marg, Jamshedpur-004689",1992-03-15,2021-12-14
8,Lipika Bahadurjit Kaur,goelsamar@example.org,06919773054,NT125023N,"H.No. 639, Kant Marg, Nellore 919155",1980-05-10,2023-06-17
9,Ekta Aadhya Balakrishnan,advikbajaj@example.org,+911692376563,HW803513M,"37, Bose, Karaikudi 023732",2001-01-30,2022-11-30
10,Indira Ekaja Saran,esarna@example.com,6966727594,TS184983X,"84/331, Mohanty Circle, Muzaffarpur 749220",1981-07-12,2024-02-04
11,Abha Hemangini Gaba,lbrar@example.net,+912644873825,UO405980J,"87/09, Rege Zila, Tirunelveli-829821",1966-05-08,2023-07-24
12,Patrick Yatin Bains,darsh69@example.net,+912763552230,GN282169O,"48/70, Lala Circle, Sirsa 165700",1962-06-21,2017-03-03
13,Rajeshri Ishani Narang,fdora@example.org,0149606827,MW140704Z,"H.No. 05, Dass Marg, Vellore-926480",1954-12-23,2017-10-31
14,Krish Vasana Batra,jeevikagarg@example.org,01981001368,ZL808625F,"52/780, Butala Circle, Delhi-169597",1966-09-28,2021-12-18
15,Maanas Manya Bala,toorleena@example.org,7205538516,DK666179K,"35, Deo Street, Pudukkottai-206967",1949-01-27,2020-03-24
16,Pavani Lakshit Gara,jhalak03@example.com,0043347855,IF232308W,"39/981, Ganguly Road, Guwahati 015751",1989-11-21,2024-03-02
17,Maya Nimrat Chanda,harita04@example.org,01069534917,XZ473142G,"51/14, Sami, Arrah-234375",1963-02-21,2023-06-15
18,Raksha Mahika Sarna,manyakrishna@example.org,09478132447,WJ571231Z,"695, Chacko Road, Mathura-985274",1951-05-22,2023-09-16
19,Baghyawati Amrita Raval,yoza@example.com,5207566413,MP670285J,"688, Chauhan Chowk, Chandigarh-103674",1971-12-16,2024-05-08
20,Meghana Aarna Bose,tripti02@example.com,03616862332,GZ293300E,"45, Rai Path, Adoni-849336",1958-08-13,2022-03-28
21,Yashica Krish Contractor,harinideo@example.net,3955526962,WE505259F,"069, Bir Zila, Buxar 576959",1975-08-27,2024-08-29
22,Yauvani Pushti Raman,jhaekalinga@example.org,5220551709,QP356433I,"48, Pandya Ganj, Satna-033928",1975-01-29,2020-04-14
23,Chavvi Maanav Madan,daniel16@example.org,09747600223,LB312623W,"31/574, Yohannan Path, Bellary-861261",1984-01-15,2022-07-18
24,Osha Zilmil Dayal,kganguly@example.com,05953186920,GC598634P,"74, Raval Circle, Narasaraopet 420354",1992-02-07,2017-02-27
25,Triya Advika Garg,nsha@example.com,+915000889643,VU760101N,"H.No. 16, Kunda Ganj, Berhampur 988526",1987-06-06,2018-03-01
26,Ansh Abhiram Agarwal,kiaan38@example.com,06057170867,FV243221E,"53/606, Madan Circle, Firozabad 415604",1959-04-27,2020-12-16
27,Zehaan Kala Viswanathan,qarincontractor@example.net,5054399513,LE127399A,"690, Talwar Ganj, Katni-266734",1948-03-10,2024-07-14
28,Harshil Harrison Choudhary,ikbal67@example.com,+911271977802,QW449520E,"25, Tank Ganj, Jalandhar-521524",1968-02-18,2019-04-17
29,Isaiah Kritika Nagy,rayaan09@example.org,8313853518,OL545034K,"46/287, Nazareth Road, Sambhal 221385",1989-11-15,2024-03-28
30,Gautam Garima Varty,fkumar@example.org,+918690763028,LF647025O,"81/47, Choudhary Street, Sirsa 659535",1977-07-13,2022-09-24
31,Zinal Atharv Subramaniam,qchana@example.net,9422260701,WH201802D,"H.No. 47, Viswanathan Path, Pallavaram-484785",1971-03-15,2023-08-12
32,Tamanna Indrajit Deep,gsane@example.org,03823210203,ZC454927A,"30/654, Krishnan Path, Kadapa-476370",1979-05-24,2023-11-25
33,Gagan Mason Pradhan,christopherkulkarni@example.org,+918788891034,YO809548L,"10/01, Ramaswamy Street, Khora -381006",1971-06-23,2022-09-13
34,Farhan Indrajit Dua,geetika95@example.com,+911969527973,NO240512H,"15/435, Khosla Ganj, Maheshtala 184256",1945-09-19,2024-04-22
35,Meera Vihaan Manne,ramananmol@example.com,8880617041,KD169480Z,"H.No. 817, Tak Circle, Thanjavur 306485",1958-11-05,2023-08-22
36,Yoshita Amara Sethi,raghavmahal@example.org,+917384845258,TB719451V,"H.No. 09, Menon, Mau-267454",1986-05-27,2024-02-26
37,Tripti Zashil Kala,anita95@example.com,0495019326,QG271680I,"H.No. 852, Tailor Ganj, Bhiwani 742054",2001-09-02,2021-02-18
38,Anusha Veer Raman,kalavirk@example.org,+916381117195,KK001295B,"H.No. 635, Krishnan, Rajpur Sonarpur 928159",1983-07-18,2024-09-27
39,Darsh Dayita Goda,vasudhasekhon@example.com,02644485299,KK251897Y,"98/326, Srinivasan, Nandyal-096654",1998-03-01,2022-04-25
40,Veda Eesha Karnik,halderridhi@example.com,8237043974,XI166194W,"691, Johal Marg, Mysore 243236",1973-07-04,2020-12-29
41,Yug Teerth Chatterjee,ryanbera@example.com,6201094317,MP524177E,"34, Murty, Karimnagar-609800",1947-07-10,2024-09-28
42,Osha Aahana Handa,asoni@example.net,06730813113,VK808627Z,"H.No. 443, Kibe Zila, Deoghar 536734",1979-06-19,2021-06-28
43,Unnati Oliver Barad,bhavsaryashvi@example.org,0863515770,UB208651R,"07, Krishna Path, Malegaon-822634",1985-01-27,2024-06-14
44,Charan Chatura Karpe,choudhrydeepa@example.org,06537939941,SR095479H,"H.No. 172, Goyal Marg, Kishanganj-564421",1987-01-28,2024-09-28
45,Bhavika Finn Goel,vritti13@example.net,04772656545,ER089878L,"333, Badami Circle, Sultan Pur Majra-521090",2004-12-07,2019-06-20
46,Vedant Neelima Lalla,sahotasara@example.net,00701917509,FX074182U,"068, Magar Nagar, Noida-000351",1986-10-14,2022-03-30
